"country","iso2","iso3","iso_numeric","g_whoregion","year","source_hh","e_hh_size","prevtx_data_available","newinc_con04_prevtx","ptsurvey_newinc","ptsurvey_newinc_con04_prevtx","e_prevtx_eligible","e_prevtx_eligible_lo","e_prevtx_eligible_hi","e_prevtx_kids_pct","e_prevtx_kids_pct_lo","e_prevtx_kids_pct_hi"
"Afghanistan","AF","AFG","004","EMR",2021,"DHS; 2015-10-19",8.036738,60,25360,,,29000,26000,32000,87,80,96
"Albania","AL","ALB","008","EUR",2021,"DHS; 2017-12-01",3.299611,60,1,,,6.9,4.5,9.4,14,11,22
"Algeria","DZ","DZA","012","AFR",2021,"Dépenses de consommation des ménages algériens en, 2011",6,60,467,,,780,500,1100,60,44,93
"Angola","AO","AGO","024","AFR",2021,"DHS; 2016-01-01",4.815657,0,,,,25000,23000,27000,,,
"Argentina","AR","ARG","032","AMR",2021,"DYB; 2010-07-01",3.258658,,,,,500,330,680,,,
"Armenia","AM","ARM","051","EUR",2021,"DHS; 2016-02-05",3.542085,60,17,,,47,43,51,36,33,40
"Aruba","AW","ABW","533","AMR",2021,"DYB; 2010-07-01",2.889447,0,,,,0.71,0.65,0.78,,,
"Australia","AU","AUS","036","WPR",2021,"DYB; 2016-07-01",2.546777,60,40,,,28,18,38,100,100,100
"Austria","AT","AUT","040","EUR",2021,"DYB; 2011-07-01",2.267999,,,,,7,4.5,9.5,,,
"Azerbaijan","AZ","AZE","031","EUR",2021,"DYB; 2009-07-01",4.548529,60,383,,,190,120,250,100,100,100
"Bahamas","BS","BHS","044","AMR",2021,"DYB; 2010-07-01",3.395638,60,2,,,0.57,0.37,0.77,100,100,100
"Bahrain","BH","BHR","048","EMR",2021,"Household expenditure and income survey, 2005-2006",5.7,60,1,,,11,7.2,15,9,6.7,14
"Bangladesh","BD","BGD","050","SEA",2021,"DHS; 2014-08-22",4.469714,60,25661,,,68000,62000,74000,38,35,41
"Belarus","BY","BLR","112","EUR",2021,"DYB; 2009-07-01",2.426723,60,30,,,39,25,53,77,57,100
"Belgium","BE","BEL","056","EUR",2021,"DYB; 2011-07-01",2.323456,0,,,,15,9.8,21,,,
"Belize","BZ","BLZ","084","AMR",2021,"Census, 2010",4.1,60,12,,,5.5,3.6,7.5,100,100,100
"Benin","BJ","BEN","204","AFR",2021,"DHS; 2018-01-02",5.186494,60,1741,,,2400,2200,2600,73,67,80
"Bermuda","BM","BMU","060","AMR",2021,"DYB; 2016-07-01",2.262308,60,0,,,0.18,0.16,0.19,0,0,0
"Bhutan","BT","BTN","064","SEA",2021,"MICS, 2010",4.6,60,30,,,120,110,130,24,22,27
"Bolivia (Plurinational State of)","BO","BOL","068","AMR",2021,"DYB; 2012-07-01",3.530459,60,1177,,,1800,1600,2000,65,60,72
"Bosnia and Herzegovina","BA","BIH","070","EUR",2021,"Census, 2013",3.26,,,,,11,6.9,14,,,
"Botswana","BW","BWA","072","AFR",2021,"IPUMS; 2011-07-01",3.524023,0,,,,470,430,510,,,
"Brazil","BR","BRA","076","AMR",2021,"IPUMS; 2010-07-01",3.31149,60,1614,,,2900,1900,3900,56,42,87
"Brunei Darussalam","BN","BRN","096","WPR",2021,"Census, 2011",5.8,60,0,,,18,12,24,0,0,0
"Bulgaria","BG","BGR","100","EUR",2021,"LFS; 2011-07-01",2.337625,0,,,,9.2,6,12,,,
"Burkina Faso","BF","BFA","854","AFR",2021,"DHS; 2014-10-01",5.924453,60,1625,,,4100,3700,4400,40,37,44
"Burundi","BI","BDI","108","AFR",2021,"DHS; 2016-12-22",4.830194,0,,,,3000,2800,3300,,,
"Cabo Verde","CV","CPV","132","AFR",2021,"Census, 2010",4.2,60,15,,,49,44,53,31,28,34
"Cambodia","KH","KHM","116","WPR",2021,"DHS; 2014-09-01",4.611843,60,1207,,,3000,2800,3300,40,36,44
"Cameroon","CM","CMR","120","AFR",2021,"DHS; 2011-05-02",4.992342,60,5439,,,11000,9700,12000,51,47,56
"Canada","CA","CAN","124","AMR",2021,"DYB; 2016-07-01",2.448825,0,,,,24,16,33,,,
"Central African Republic","CF","CAF","140","AFR",2021,"DHS; 1994-12-08",4.906784,60,2775,,,5500,5000,6000,50,46,55
"Chad","TD","TCD","148","AFR",2021,"DHS; 2015-01-16",5.77718,60,660,,,7600,7000,8300,8.6,7.9,9.5
"Chile","CL","CHL","152","AMR",2021,"DYB; 2002-07-01",3.573678,0,,,,100,65,140,,,
"China","CN","CHN","156","WPR",2021,"IPUMS; 2000-07-01",3.384408,0,,,,14000,9100,19000,,,
"China, Hong Kong SAR","HK","HKG","344","WPR",2021,"DYB; 2016-07-01",2.834618,60,10,,,71,46,96,14,10,22
"China, Macao SAR","MO","MAC","446","WPR",2021,"DYB; 2016-07-01",3.066097,60,0,,,11,6.8,14,0,0,0
"Colombia","CO","COL","170","AMR",2021,"DHS; 2015-08-28",3.526852,60,250,,,520,340,710,48,35,74
"Comoros","KM","COM","174","AFR",2021,"DHS; 2012-10-15",5.371601,0,,,,45,41,49,,,
"Congo","CG","COG","178","AFR",2021,"DHS; 2011-11-26",4.307403,60,107,,,2700,2400,2900,4,3.7,4.4
"Costa Rica","CR","CRI","188","AMR",2021,"DYB; 2011-07-01",3.456537,60,48,,,16,10,22,100,100,100
"Côte d'Ivoire","CI","CIV","384","AFR",2021,"DHS; 2012-03-02",5.090063,60,5715,,,11000,9600,12000,54,50,59
"Croatia","HR","HRV","191","EUR",2021,"DYB; 2011-07-01",2.795396,,,,,4,2.6,5.4,,,
"Cuba","CU","CUB","192","AMR",2021,"IPUMS; 2002-07-01",3.1367,60,21,,,13,8.7,18,100,100,100
"Cyprus","CY","CYP","196","EUR",2021,"DYB; 2011-07-01",2.75874,,,,,1.3,0.84,1.8,,,
"Czechia","CZ","CZE","203","EUR",2021,"DYB; 2011-07-01",2.340281,0,,,,8.5,5.5,11,,,
"Democratic People's Republic of Korea","KP","PRK","408","SEA",2021,"DYB; 2008-07-01",3.929309,60,7488,,,7600,6900,8200,99,91,100
"Democratic Republic of the Congo","CD","COD","180","AFR",2021,"DHS; 2013-11-10",5.302067,60,59419,,,110000,100000,120000,52,48,57
"Denmark","DK","DNK","208","EUR",2021,"Statistical year book, 2014",2.1,,,,,3.2,2.1,4.3,,,
"Djibouti","DJ","DJI","262","EMR",2021,"MICS, 2006",5.9,0,,,,480,440,520,,,
"Dominican Republic","DO","DOM","214","AMR",2021,"DHS; 2013-09-02",3.477934,0,,,,170,110,230,,,
"Ecuador","EC","ECU","218","AMR",2021,"DYB; 2010-07-01",3.779187,60,454,,,330,210,450,100,100,100
"Egypt","EG","EGY","818","EMR",2021,"DHS; 2014-05-20",4.130857,60,463,,,1500,1300,1600,32,29,35
"El Salvador","SV","SLV","222","AMR",2021,"IPUMS; 2007-07-01",4.069977,60,289,,,400,370,440,72,66,79
"Equatorial Guinea","GQ","GNQ","226","AFR",2021,"Census, 2015",4.7,60,60,,,590,540,640,10,9.4,11
"Eritrea","ER","ERI","232","AFR",2021,"Population and Health Survey, 2014",4.8,60,145,,,400,360,430,36,33,40
"Estonia","EE","EST","233","EUR",2021,"LFS; 2011-07-01",2.297518,60,12,,,2.6,1.7,3.5,100,100,100
"Eswatini","SZ","SWZ","748","AFR",2021,"DYB; 2007-07-01",4.73718,60,319,,,500,460,550,63,58,70
"Ethiopia","ET","ETH","231","AFR",2021,"DHS; 2016-04-07",4.614578,60,21452,,,28000,26000,31000,76,70,83
"Fiji","FJ","FJI","242","WPR",2021,"IPUMS; 2014-07-01",4.572437,60,25,,,15,9.6,20,100,100,100
"Finland","FI","FIN","246","EUR",2021,"DYB; 2010-07-01",2.074959,0,,,,2.4,1.5,3.2,,,
"France","FR","FRA","250","EUR",2021,"DYB; 2015-07-01",2.222057,0,,,,53,34,72,,,
"Gabon","GA","GAB","266","AFR",2021,"DHS; 2012-03-08",4.097598,0,,,,1200,1100,1300,,,
"Gambia","GM","GMB","270","AFR",2021,"DHS; 2013-03-13",8.229681,60,336,,,1800,1700,2000,18,17,20
"Georgia","GE","GEO","268","EUR",2021,"DYB; 2014-07-01",3.337868,60,30,,,230,210,250,13,12,14
"Germany","DE","DEU","276","EUR",2021,"DYB; 2011-07-01",2.138812,0,,,,61,39,82,,,
"Ghana","GH","GHA","288","AFR",2021,"DHS; 2014-10-22",3.492886,60,1047,,,3800,3500,4100,28,25,30
"Greece","GR","GRC","300","EUR",2021,"IPUMS; 2011-07-01",2.555499,,,,,3.9,2.5,5.3,,,
"Guatemala","GT","GTM","320","AMR",2021,"DHS; 2015-02-26",4.805714,60,578,,,1100,990,1200,53,49,58
"Guinea","GN","GIN","324","AFR",2021,"DHS; 2012-08-06",6.250819,60,8578,,,9100,8300,9900,95,87,100
"Guinea-Bissau","GW","GNB","624","AFR",2021,"ILAP, 2010",8.3,60,314,,,2300,2100,2500,14,13,15
"Guyana","GY","GUY","328","AMR",2021,"DHS; 2009-05-20",3.795203,60,8,,,97,89,110,8.2,7.5,9
"Haiti","HT","HTI","332","AMR",2021,"DHS; 2017-01-26",4.29335,60,560,,,3200,2900,3500,17,16,19
"Honduras","HN","HND","340","AMR",2021,"DHS; 2012-02-21",4.467492,60,477,,,700,640,770,68,62,75
"Hungary","HU","HUN","348","EUR",2021,"DYB; 2011-07-01",2.361882,60,,,,5,3.2,6.7,100,100,100
"Iceland","IS","ISL","352","EUR",2021,"Census, 2011",2.59,,,,,,,,,,
"India","IN","IND","356","SEA",2021,"DHS; 2015-12-28",4.572189,60,78073,,,320000,290000,350000,24,22,27
"Indonesia","ID","IDN","360","SEA",2021,"DHS; 2017-08-15",3.859453,60,2292,,,62000,57000,68000,3.7,3.4,4
"Iran (Islamic Republic of)","IR","IRN","364","EMR",2021,"DYB; 2011-07-01",3.506156,60,1197,,,280,180,380,100,100,100
"Iraq","IQ","IRQ","368","EMR",2021,"IPUMS; 1997-07-01",7.703028,60,1746,,,540,350,730,100,100,100
"Ireland","IE","IRL","372","EUR",2021,"DYB; 2011-07-01",2.726628,0,,,,4.7,3,6.3,,,
"Israel","IL","ISR","376","EUR",2021,"DYB; 2008-07-01",3.141945,0,,,,8,5.2,11,,,
"Italy","IT","ITA","380","EUR",2021,"DYB; 2011-07-01",2.402592,,,,,37,24,49,,,
"Jamaica","JM","JAM","388","AMR",2021,"DYB; 2011-07-01",3.060923,0,,,,2,1.3,2.7,,,
"Japan","JP","JPN","392","WPR",2021,"DYB; 2015-07-01",2.330623,60,52,,,140,93,200,36,27,56
"Jordan","JO","JOR","400","EMR",2021,"DHS; 2017-12-01",4.718763,60,,,,10,6.5,14,100,100,100
"Kazakhstan","KZ","KAZ","398","EUR",2021,"DYB; 2009-07-01",3.496628,60,1305,,,2400,2200,2600,55,51,60
"Kenya","KE","KEN","404","AFR",2021,"DHS; 2015-07-26",3.638824,60,5619,,,18000,16000,19000,32,29,35
"Kuwait","KW","KWT","414","EMR",2021,"Income and expenditure household survey, 2013",5.7,,,,,34,22,46,,,
"Kyrgyzstan","KG","KGZ","417","EUR",2021,"DHS; 2012-10-15",4.214478,60,126,,,1100,1000,1200,11,11,13
"Lao People's Democratic Republic","LA","LAO","418","WPR",2021,"IPUMS; 2005-07-01",5.765304,60,178,,,2200,2000,2400,8.2,7.5,9
"Latvia","LV","LVA","428","EUR",2021,"DYB; 2011-07-01",2.37726,,,,,6.3,4,8.5,,,
"Lebanon","LB","LBN","422","EMR",2021,"Central administration of statistics, 2007",4.23,60,81,,,21,13,28,100,100,100
"Lesotho","LS","LSO","426","AFR",2021,"DHS; 2014-11-03",3.344935,60,945,,,1000,930,1100,92,85,100
"Liberia","LR","LBR","430","AFR",2021,"DHS; 2013-05-13",4.945732,60,184,,,2600,2300,2800,7.2,6.6,7.9
"Libya","LY","LBY","434","EMR",2021,"National Survey of the population, 2012",5.35,60,13,,,97,63,130,13,9.9,21
"Lithuania","LT","LTU","440","EUR",2021,"DYB; 2011-07-01",2.382527,0,,,,16,10,22,,,
"Luxembourg","LU","LUX","442","EUR",2021,"DYB; 2011-07-01",2.413061,0,,,,0.8,0.52,1.1,,,
"Madagascar","MG","MDG","450","AFR",2021,"DHS; 2011-04-30",4.949264,60,8985,,,17000,16000,19000,52,48,57
"Malawi","MW","MWI","454","AFR",2021,"DHS; 2015-12-17",4.508918,60,1899,,,4000,3700,4400,47,43,52
"Malaysia","MY","MYS","458","WPR",2021,"DYB; 2000-07-01",4.574381,60,1467,,,1100,730,1500,100,97,100
"Maldives","MV","MDV","462","SEA",2021,"DHS; 2017-01-21",5.399922,60,0,,,4.6,3,6.3,0,0,0
"Mali","ML","MLI","466","AFR",2021,"DHS; 2018-09-27",5.811145,60,471,,,4500,4100,4900,10,9.6,12
"Malta","MT","MLT","470","EUR",2021,"DYB; 2011-07-01",2.672155,60,0,,,0.85,0.55,1.1,0,0,0
"Mauritania","MR","MRT","478","AFR",2021,"Recensement Général de la Population, 2013",6.1,0,,,,1000,950,1100,,,
"Mauritius","MU","MUS","480","AFR",2021,"DYB; 2011-07-01",3.475298,61,,86,17,3.7,2.4,5.1,100,100,100
"Mexico","MX","MEX","484","AMR",2021,"IPUMS; 2015-07-01",3.740175,60,820,,,920,590,1200,89,66,100
"Mongolia","MN","MNG","496","WPR",2021,"IPUMS; 2000-07-01",4.321435,60,47,,,570,520,620,8.3,7.6,9.1
"Montenegro","ME","MNE","499","EUR",2021,"DYB; 2011-07-01",3.214011,0,,,,2.8,1.8,3.8,,,
"Morocco","MA","MAR","504","EMR",2021,"IPUMS; 2004-07-01",5.236166,60,220,,,5900,5400,6500,3.7,3.4,4.1
"Mozambique","MZ","MOZ","508","AFR",2021,"DHS; 2011-08-29",4.366363,60,20367,,,23000,21000,25000,89,82,98
"Myanmar","MM","MMR","104","SEA",2021,"DHS; 2016-03-22",4.223794,60,543,,,8300,7500,9000,6.6,6,7.2
"Namibia","NA","NAM","516","AFR",2021,"DHS; 2013-07-25",4.238224,60,1398,,,2400,2200,2600,58,53,63
"Nepal","NP","NPL","524","SEA",2021,"DHS; 2016-10-10",4.239365,60,2108,,,5900,5400,6400,36,33,39
"Netherlands","NL","NLD","528","EUR",2021,"LFS; 2011-07-01",2.226392,60,12,,,8.9,5.7,12,100,100,100
"New Zealand","NZ","NZL","554","WPR",2021,"DYB; 2013-07-01",2.672823,,,,,5.7,3.7,7.7,,,
"Nicaragua","NI","NIC","558","AMR",2021,"IPUMS; 2005-07-01",4.919877,60,351,,,630,570,680,56,51,62
"Niger","NE","NER","562","AFR",2021,"DHS; 2012-04-24",5.916849,60,7250,,,11000,9800,12000,67,62,74
"Nigeria","NG","NGA","566","AFR",2021,"DHS; 2015-10-31",4.901429,60,13097,,,110000,100000,120000,12,11,13
"North Macedonia","MK","MKD","807","EUR",2021,"Household Consumption in The Republic of Macedonia, 2014",3.69,60,0,,,4.9,3.2,6.6,0,0,0
"Norway","NO","NOR","578","EUR",2021,"DYB; 2011-07-01",2.215437,,,,,2,1.3,2.7,,,
"occupied Palestinian territory, including east Jerusalem","PS","PSE","275","EMR",2021,"DYB; 2007-07-01",5.887067,60,4,,,11,9.9,12,37,34,40
"Oman","OM","OMN","512","EMR",2021,"DYB; 2003-07-01",8.017711,60,89,,,33,21,44,100,100,100
"Pakistan","PK","PAK","586","EMR",2021,"DHS; 2013-01-08",6.804479,60,3345,,,110000,100000,120000,3,2.8,3.3
"Panama","PA","PAN","591","AMR",2021,"IPUMS; 2010-07-01",3.670083,60,226,,,69,45,94,100,100,100
"Papua New Guinea","PG","PNG","598","WPR",2021,"IPUMS; 2000-07-01",5.430101,60,865,,,3200,2900,3500,27,25,29
"Paraguay","PY","PRY","600","AMR",2021,"IPUMS; 2002-07-01",4.632442,60,75,,,810,740,880,9.2,8.5,10
"Peru","PE","PER","604","AMR",2021,"DHS; 2012-07-31",3.752182,60,1368,,,4600,4200,5100,29,27,32
"Philippines","PH","PHL","608","WPR",2021,"DHS; 2017-09-17",4.226661,60,2988,,,54000,49000,59000,5.5,5.1,6
"Poland","PL","POL","616","EUR",2021,"DYB; 2011-07-01",2.815809,,,,,97,63,130,,,
"Portugal","PT","PRT","620","EUR",2021,"DYB; 2011-07-01",2.580916,60,63,,,24,16,33,100,100,100
"Puerto Rico","PR","PRI","630","AMR",2021,"IPUMS; 2010-07-01",2.670502,60,0,,,0.38,0.25,0.52,0,0,0
"Qatar","QA","QAT","634","EMR",2021,"Census, 2010",5.3,60,22,,,29,19,39,76,56,100
"Republic of Korea","KR","KOR","410","WPR",2021,"DYB; 2015-07-01",2.529406,60,137,,,260,170,350,52,39,81
"Republic of Moldova","MD","MDA","498","EUR",2021,"DYB; 2014-07-01",2.888798,60,109,,,230,210,250,47,43,51
"Romania","RO","ROU","642","EUR",2021,"DYB; 2011-07-01",2.667187,60,850,,,210,130,280,100,100,100
"Russian Federation","RU","RUS","643","EUR",2021,"DYB; 2010-07-01",2.583549,60,4246,,,1000,650,1400,100,100,100
"Rwanda","RW","RWA","646","AFR",2021,"DHS; 2015-01-19",4.259293,60,1003,,,1900,1800,2100,52,47,57
"Samoa","WS","WSM","882","WPR",2021,"DYB; 2016-07-01",6.75142,60,0,,,10,9.5,11,0,0,0
"Sao Tome and Principe","ST","STP","678","AFR",2021,"DHS; 2008-11-13",3.836451,60,11,,,21,19,23,53,48,58
"Saudi Arabia","SA","SAU","682","EMR",2021,"Census, 2010",5.6,60,51,,,220,140,300,23,17,35
"Senegal","SN","SEN","686","AFR",2021,"DHS; 2017-08-16",8.66164,0,,,,13000,12000,14000,,,
"Serbia","RS","SRB","688","EUR",2021,"DYB; 2011-07-01",2.879165,,,,,6.2,4,8.4,,,
"Seychelles","SC","SYC","690","AFR",2021,"DYB; 2002-07-01",3.778621,60,0,,,2.7,2.4,2.9,0,0,0
"Sierra Leone","SL","SLE","694","AFR",2021,"DHS; 2013-08-18",5.899075,0,,,,8500,7700,9300,,,
"Singapore","SG","SGP","702","WPR",2021,"DYB; 2010-07-01",3.291435,60,35,,,38,25,51,92,68,100
"Sint Maarten (Dutch part)","SX","SXM","534","AMR",2021,"DYB; 2011-07-01",2.579897,5,,,,0.07,0.06,0.07,,,
"Slovakia","SK","SVK","703","EUR",2021,"DYB; 2011-07-01",2.895863,0,,,,3.2,2.1,4.3,,,
"Slovenia","SI","SVN","705","EUR",2021,"DYB; 2015-07-01",2.467401,60,4,,,1.8,1.2,2.5,100,100,100
"Solomon Islands","SB","SLB","090","WPR",2021,"Census, 2009",5.5,0,,,,100,94,110,,,
"Somalia","SO","SOM","706","EMR",2021,"Population estimation survey, 2014",5.9,0,,,,8200,7500,9000,,,
"South Africa","ZA","ZAF","710","AFR",2021,"DHS; 2016-08-29",3.362203,60,17012,,,30000,27000,33000,57,52,62
"South Sudan","SS","SSD","728","AFR",2021,"IPUMS; 2008-07-01",5.947973,0,,,,6300,5700,6800,,,
"Spain","ES","ESP","724","EUR",2021,"DYB; 2011-07-01",2.57551,,,,,53,35,72,,,
"Sri Lanka","LK","LKA","144","SEA",2021,"Census, 2012",3.9,60,569,,,920,840,1000,62,57,68
"Sudan","SD","SDN","729","EMR",2021,"IPUMS; 2008-07-01",5.590376,0,,,,6300,5800,6900,,,
"Suriname","SR","SUR","740","AMR",2021,"DYB; 2004-07-01",3.940808,60,1,,,6.1,4,8.3,16,12,25
"Sweden","SE","SWE","752","EUR",2021,"Statistics Sweden, 2014",2.22,0,,,,5.9,3.8,8,,,
"Switzerland","CH","CHE","756","EUR",2021,"DYB; 2000-07-01",2.244596,60,17,,,8.8,5.7,12,100,100,100
"Syrian Arab Republic","SY","SYR","760","EMR",2021,"MICS, 2006",5.4,60,2650,,,640,590,700,100,100,100
"Tajikistan","TJ","TJK","762","EUR",2021,"DHS; 2017-09-24",5.993139,60,2455,,,1400,1300,1600,100,100,100
"Thailand","TH","THA","764","SEA",2021,"IPUMS; 2000-07-01",3.693784,60,10323,,,6500,5900,7100,100,100,100
"Timor-Leste","TL","TLS","626","SEA",2021,"DHS; 2016-11-03",5.267919,60,899,,,870,790,950,100,95,100
"Togo","TG","TGO","768","AFR",2021,"DHS; 2014-01-28",4.551311,60,673,,,1200,1100,1300,55,50,60
"Tokelau","TK","TKL","772","WPR",2021,"DYB; 2011-07-01",5.243902,,,,,0,0,0,,,
"Trinidad and Tobago","TT","TTO","780","AMR",2021,"IPUMS; 2011-07-01",3.290868,60,40,,,5.1,3.3,6.9,100,100,100
"Tunisia","TN","TUN","788","EMR",2021,"Census, 2014",4.05,60,69,,,66,43,90,100,77,100
"Türkiye","TR","TUR","792","EUR",2021,"DHS; 2004-02-21",4.071314,60,584,,,340,220,460,100,100,100
"Turkmenistan","TM","TKM","795","EUR",2021,"DHS, 2000",5.1,60,,,,100,65,140,100,100,100
"Uganda","UG","UGA","800","AFR",2021,"DHS; 2016-09-17",4.534338,60,13409,,,27000,25000,29000,50,45,54
"Ukraine","UA","UKR","804","EUR",2021,"DHS; 2007-09-14",2.458298,60,1177,,,1100,1000,1200,100,98,100
"United Arab Emirates","AE","ARE","784","EMR",2021,"Census, 2005",4.8,60,8,,,2.1,1.3,2.8,100,100,100
"United Kingdom of Great Britain and Northern Ireland","GB","GBR","826","EUR",2021,"DYB; 2011-07-01",2.346858,,,,,65,42,87,,,
"United Republic of Tanzania","TZ","TZA","834","AFR",2021,"DHS; 2015-11-17",4.851548,60,16099,,,22000,20000,24000,75,68,82
"United States of America","US","USA","840","AMR",2021,"IPUMS; 2015-07-01",2.491132,0,,,,180,120,240,,,
"Uruguay","UY","URY","858","AMR",2021,"DYB; 2011-07-01",2.795547,60,82,,,27,17,36,100,100,100
"Uzbekistan","UZ","UZB","860","EUR",2021,"DHS; 1996-08-19",5.242077,60,2059,,,3100,2800,3400,67,61,73
"Venezuela (Bolivarian Republic of)","VE","VEN","862","AMR",2021,"IPUMS; 2001-07-01",4.331362,60,300,,,580,370,780,52,38,80
"Viet Nam","VN","VNM","704","WPR",2021,"IPUMS; 2009-07-01",3.783099,60,1589,,,12000,11000,13000,13,12,14
"Yemen","YE","YEM","887","EMR",2021,"DHS; 2013-10-25",6.672681,0,,,,2200,2000,2400,,,
"Zambia","ZM","ZMB","894","AFR",2021,"DHS; 2013-12-10",5.130789,60,5448,,,16000,14000,17000,35,32,38
"Zimbabwe","ZW","ZWE","716","AFR",2021,"DHS; 2015-09-27",4.077179,60,2242,,,4500,4100,4900,50,46,55
